{
    "roc_auc": 0.9544228791427476,
    "pr_auc": 0.6971347755379967
}